timeStamp,elapsed,label,responseCode,responseMessage,threadName,dataType,success,failureMessage,bytes,sentBytes,grpThreads,allThreads,URL,Latency,IdleTime,Connect
1702523526446,1643,Myself,403,Forbidden,Dashboard-10-users 1-1,text,false,,346,7566,10,20,https://apis.dna-staging.hashedin.com/dashboard/gql/,1643,0,1274
1702523526646,1444,Myself,403,Forbidden,Dashboard-10-users 1-3,text,false,,346,7566,10,20,https://apis.dna-staging.hashedin.com/dashboard/gql/,1444,0,1102
1702523526845,1246,Myself,403,Forbidden,Dashboard-10-users 1-5,text,false,,346,7566,10,20,https://apis.dna-staging.hashedin.com/dashboard/gql/,1246,0,924
1702523526545,1667,Myself,403,Forbidden,Dashboard-10-users 1-2,text,false,,346,7566,7,17,https://apis.dna-staging.hashedin.com/dashboard/gql/,1667,0,1230
1702523526946,1375,Myself,403,Forbidden,Dashboard-10-users 1-6,text,false,,346,7566,6,16,https://apis.dna-staging.hashedin.com/dashboard/gql/,1375,0,840
1702523527045,1276,Myself,403,Forbidden,Dashboard-10-users 1-7,text,false,,346,7566,6,16,https://apis.dna-staging.hashedin.com/dashboard/gql/,1276,0,740
1702523526747,1575,Myself,403,Forbidden,Dashboard-10-users 1-4,text,false,,346,7566,6,16,https://apis.dna-staging.hashedin.com/dashboard/gql/,1575,0,1056
1702523527149,1198,Myself,403,Forbidden,Dashboard-10-users 1-8,text,false,,346,7566,6,16,https://apis.dna-staging.hashedin.com/dashboard/gql/,1198,0,670
1702523527249,1121,Myself,403,Forbidden,Dashboard-10-users 1-9,text,false,,346,7566,6,16,https://apis.dna-staging.hashedin.com/dashboard/gql/,1121,0,609
1702523527356,1035,Myself,403,Forbidden,Dashboard-10-users 1-10,text,false,,346,7566,3,13,https://apis.dna-staging.hashedin.com/dashboard/gql/,1034,0,631
1702523593802,2393,Myself,200,OK,Dashboard-10-users 1-5,text,true,,1601,4844,10,25,https://apis.dna-staging.hashedin.com/dashboard/gql/,2393,0,673
1702523593487,2722,Myself,200,OK,Dashboard-10-users 1-2,text,true,,1601,4844,9,24,https://apis.dna-staging.hashedin.com/dashboard/gql/,2722,0,1004
1702523593585,2627,Myself,200,OK,Dashboard-10-users 1-3,text,true,,1601,4844,9,24,https://apis.dna-staging.hashedin.com/dashboard/gql/,2627,0,877
1702523594087,2226,Myself,200,OK,Dashboard-10-users 1-8,text,true,,1601,4844,7,22,https://apis.dna-staging.hashedin.com/dashboard/gql/,2226,0,669
1702523593686,2686,Myself,200,OK,Dashboard-10-users 1-4,text,true,,1601,4844,6,21,https://apis.dna-staging.hashedin.com/dashboard/gql/,2686,0,813
1702523594185,2208,Myself,200,OK,Dashboard-10-users 1-9,text,true,,1601,4844,5,20,https://apis.dna-staging.hashedin.com/dashboard/gql/,2208,0,648
1702523594285,2173,Myself,200,OK,Dashboard-10-users 1-10,text,true,,1601,4844,4,24,https://apis.dna-staging.hashedin.com/dashboard/gql/,2173,0,620
1702523593885,4395,Myself,200,OK,Dashboard-10-users 1-6,text,true,,1601,4844,3,28,https://apis.dna-staging.hashedin.com/dashboard/gql/,4395,0,661
1702523593988,4474,Myself,200,OK,Dashboard-10-users 1-7,text,true,,1601,4844,2,27,https://apis.dna-staging.hashedin.com/dashboard/gql/,4474,0,642
1702523593388,5233,Myself,200,OK,Dashboard-10-users 1-1,text,true,,1601,4844,1,26,https://apis.dna-staging.hashedin.com/dashboard/gql/,5233,0,1146
